Hugo Gomes;Belém;hugo@emailficticio.com;85858;
Beatriz Martins;Goiânia;beatriz@emailficticio.com;74747;
André Mendes;Natal;andre@emailficticio.com;21212;
Catarina Sousa;João Pessoa;catarina@emailficticio.com;36363;
Diogo Ramos;Vitória;diogo@emailficticio.com;53534;
Laura Pinto;Florianópolis;laura@emailficticio.com;84126;
Francisco Marques;Cuiabá;francisco@emailficticio.com;65798;
Carolina Ribeiro;Teresina;carolina@emailficticio.com;22358;
Lucas Ferreira;Campo Grande;lucas@emailficticio.com;68741;
Marta Lopes;Aracaju;marta@emailficticio.com;10254;